{
  "Workflows": [
    {
      "Path": null,
      "SortBy": 0,
      "VariablesSectionElementsOrder": [],
      "ArgumentsSectionElementsOrder": null,
      "ConstantsSectionElementsOrder": [],
      "AddedNamespaces": null
    },
    {
      "Path": "Main.xaml",
      "SortBy": 0,
      "VariablesSectionElementsOrder": [
        "ExtractDataTable&Sequence_1",
        "InputName&Sequence_1"
      ],
      "ArgumentsSectionElementsOrder": [],
      "ConstantsSectionElementsOrder": [],
      "AddedNamespaces": null
    },
    {
      "Path": "Sequence02.xaml",
      "SortBy": 0,
      "VariablesSectionElementsOrder": [
        "current_index&Sequence_5",
        "list_of_emails&Sequence_3",
        "InputName&Sequence_1",
        "ExtractDataTable&Sequence_2",
        "ExtractDataTable&Sequence_7",
        "Total&Sequence_8",
        "TotalDeaths&Sequence_8",
        "TotalCases&Sequence_8",
        "TotalRecovered&Sequence_8",
        "Total&Sequence_3",
        "TotalDeaths&Sequence_3",
        "TotalCases&Sequence_3",
        "TotalRecovered&Sequence_3"
      ],
      "ArgumentsSectionElementsOrder": [],
      "ConstantsSectionElementsOrder": [],
      "AddedNamespaces": null
    },
    {
      "Path": "CoronaVirusAlertBot_Version02.xaml",
      "SortBy": 0,
      "VariablesSectionElementsOrder": [
        "Extract_Data_Table&Sequence_19",
        "input_country&Sequence_2",
        "ExtractDataTable&Sequence_7",
        "list_of_countries&Sequence_14",
        "country_exist&Sequence_14",
        "Total&Sequence_3",
        "TotalDeaths&Sequence_3",
        "TotalCases&Sequence_3",
        "TotalRecovered&Sequence_3",
        "list_of_emails&Sequence_3",
        "current_index&Sequence_5",
        "current_time&Sequence_13"
      ],
      "ArgumentsSectionElementsOrder": [
        "website_url"
      ],
      "ConstantsSectionElementsOrder": [],
      "AddedNamespaces": null
    },
    {
      "Path": "CoronaVirusAlertBot.xaml",
      "SortBy": 0,
      "VariablesSectionElementsOrder": [
        "InputName&Sequence_1",
        "ExtractDataTable&Sequence_2",
        "ExtractDataTable&Sequence_7",
        "Total&Sequence_8",
        "TotalDeaths&Sequence_8",
        "TotalCases&Sequence_8",
        "TotalRecovered&Sequence_8",
        "TotalDeaths&Sequence_3",
        "TotalCases&Sequence_3",
        "TotalRecovered&Sequence_3",
        "list_of_emails&Sequence_3",
        "current_index&Sequence_5",
        "current_time&Sequence_13"
      ],
      "ArgumentsSectionElementsOrder": [
        "website_url"
      ],
      "ConstantsSectionElementsOrder": [],
      "AddedNamespaces": null
    }
  ]
}